Date,Close
02/05/2013," 2,852.77 "
03/05/2013," 2,917.39 "
07/05/2013," 2,907.69 "
08/05/2013," 2,970.16 "
09/05/2013," 2,964.77 "
10/05/2013," 2,988.46 "
13/05/2013," 3,019.69 "
14/05/2013," 3,039.08 "
15/05/2013," 3,028.31 "
16/05/2013," 3,022.92 "
17/05/2013," 3,016.46 "
20/05/2013," 3,027.23 "
21/05/2013," 3,074.62 "
22/05/2013," 3,085.39 "
23/05/2013," 3,019.69 "
24/05/2013," 3,001.39 "
28/05/2013," 3,147.85 "
29/05/2013," 3,081.08 "
30/05/2013," 3,106.92 "
31/05/2013," 3,053.08 "
03/06/2013," 2,965.93 "
04/06/2013," 2,940.00 "
05/06/2013," 2,865.33 "
06/06/2013," 2,823.85 "
07/06/2013," 2,889.19 "
10/06/2013," 2,914.07 "
11/06/2013," 2,811.41 "
12/06/2013," 2,801.04 "
13/06/2013," 2,779.26 "
14/06/2013," 2,778.22 "
17/06/2013," 2,782.37 "
18/06/2013," 2,788.59 "
19/06/2013," 2,779.26 "
20/06/2013," 2,721.19 "
21/06/2013," 2,699.41 "
24/06/2013," 2,642.37 "
25/06/2013," 2,730.52 "
26/06/2013," 2,768.89 "
27/06/2013," 2,803.11 "
28/06/2013," 2,786.52 "
01/07/2013," 2,851.85 "
02/07/2013," 2,841.48 "
03/07/2013," 2,839.41 "
04/07/2013," 2,898.52 "
05/07/2013," 2,876.74 "
08/07/2013," 2,903.70 "
09/07/2013," 2,924.44 "
10/07/2013," 2,919.26 "
11/07/2013," 2,938.96 "
12/07/2013," 2,945.19 "
15/07/2013," 2,918.22 "
16/07/2013," 2,905.78 "
17/07/2013," 2,930.67 "
18/07/2013," 2,947.26 "
19/07/2013," 2,936.89 "
22/07/2013," 2,933.78 "
23/07/2013," 2,931.70 "
24/07/2013," 2,935.85 "
25/07/2013," 2,934.81 "
26/07/2013," 2,940.00 "
29/07/2013," 2,930.67 "
30/07/2013," 2,960.74 "
31/07/2013," 2,971.11 "
01/08/2013," 3,017.78 "
02/08/2013," 3,008.44 "
05/08/2013," 3,021.93 "
06/08/2013," 3,016.74 "
07/08/2013," 2,998.07 "
08/08/2013," 3,091.41 "
09/08/2013," 3,074.81 "
12/08/2013," 3,040.59 "
13/08/2013," 3,040.59 "
14/08/2013," 3,091.41 "
15/08/2013," 3,071.70 "
16/08/2013," 3,099.70 "
19/08/2013," 3,127.70 "
20/08/2013," 3,124.59 "
21/08/2013," 3,111.11 "
22/08/2013," 3,132.89 "
23/08/2013," 3,153.63 "
27/08/2013," 3,110.07 "
28/08/2013," 3,085.19 "
29/08/2013," 3,112.15 "
30/08/2013," 3,082.07 "
02/09/2013," 3,131.85 "
03/09/2013," 3,128.74 "
04/09/2013," 3,132.89 "
05/09/2013," 3,173.33 "
06/09/2013," 3,189.93 "
09/09/2013," 3,155.70 "
10/09/2013," 3,204.44 "
11/09/2013," 3,196.15 "
12/09/2013," 3,127.70 "
13/09/2013," 3,124.59 "
16/09/2013," 3,132.89 "
17/09/2013," 3,108.00 "
18/09/2013," 3,111.11 "
19/09/2013," 3,091.41 "
20/09/2013," 3,076.89 "
23/09/2013," 3,088.30 "
24/09/2013," 3,096.59 "
25/09/2013," 3,108.00 "
26/09/2013," 3,131.85 "
27/09/2013," 3,130.81 "
30/09/2013," 3,126.67 "
01/10/2013," 3,137.04 "
02/10/2013," 3,104.89 "
03/10/2013," 3,066.52 "
04/10/2013," 3,064.44 "
07/10/2013," 3,016.74 "
08/10/2013," 2,993.93 "
09/10/2013," 2,916.15 "
10/10/2013," 3,025.04 "
11/10/2013," 3,018.81 "
14/10/2013," 3,007.41 "
15/10/2013," 3,027.11 "
16/10/2013," 3,005.33 "
17/10/2013," 3,004.30 "
18/10/2013," 3,089.33 "
21/10/2013," 3,110.07 "
22/10/2013," 3,106.96 "
23/10/2013," 3,084.15 "
24/10/2013," 3,071.70 "
25/10/2013," 3,015.70 "
28/10/2013," 3,047.85 "
29/10/2013," 3,040.59 "
30/10/2013," 3,033.33 "
31/10/2013," 3,026.07 "
01/11/2013," 3,007.41 "
04/11/2013," 2,992.89 "
05/11/2013," 2,982.52 "
06/11/2013," 3,040.59 "
07/11/2013," 3,069.63 "
08/11/2013," 3,021.93 "
11/11/2013," 3,045.78 "
12/11/2013," 3,044.74 "
13/11/2013," 3,013.63 "
14/11/2013," 3,022.96 "
15/11/2013," 3,003.26 "
18/11/2013," 2,991.85 "
19/11/2013," 2,997.04 "
20/11/2013," 3,001.19 "
21/11/2013," 2,985.63 "
22/11/2013," 2,985.63 "
25/11/2013," 3,022.96 "
26/11/2013," 3,016.74 "
27/11/2013," 3,027.11 "
28/11/2013," 3,046.81 "
29/11/2013," 3,039.56 "
02/12/2013," 3,019.85 "
03/12/2013," 2,969.04 "
04/12/2013," 2,933.78 "
05/12/2013," 2,933.78 "
06/12/2013," 2,978.37 "
09/12/2013," 2,988.74 "
10/12/2013," 2,956.59 "
11/12/2013," 2,987.70 "
12/12/2013," 2,929.63 "
13/12/2013," 2,933.78 "
16/12/2013," 2,945.19 "
17/12/2013," 2,940.00 "
18/12/2013," 2,936.89 "
19/12/2013," 2,957.63 "
20/12/2013," 3,015.70 "
23/12/2013," 3,059.26 "
24/12/2013," 3,064.44 "
27/12/2013," 3,094.52 "
30/12/2013," 3,095.56 "
31/12/2013," 3,100.74 "
02/01/2014," 3,086.22 "
03/01/2014," 3,108.00 "
06/01/2014," 3,096.59 "
07/01/2014," 3,077.93 "
08/01/2014," 3,065.48 "
09/01/2014," 3,038.52 "
10/01/2014," 3,046.81 "
13/01/2014," 3,058.22 "
14/01/2014," 3,125.63 "
15/01/2014," 3,139.11 "
16/01/2014," 3,173.33 "
17/01/2014," 3,184.74 "
20/01/2014," 3,161.93 "
21/01/2014," 3,121.48 "
22/01/2014," 3,123.56 "
23/01/2014," 3,060.30 "
24/01/2014," 2,984.59 "
27/01/2014," 2,921.33 "
28/01/2014," 2,933.78 "
29/01/2014," 3,011.56 "
30/01/2014," 3,017.78 "
31/01/2014," 3,028.15 "
03/02/2014," 2,973.19 "
04/02/2014," 2,974.22 "
05/02/2014," 2,948.30 "
06/02/2014," 2,978.37 "
07/02/2014," 2,975.26 "
10/02/2014," 2,951.41 "
11/02/2014," 2,965.93 "
12/02/2014," 2,983.56 "
13/02/2014," 2,965.93 "
14/02/2014," 3,014.67 "
17/02/2014," 3,038.52 "
18/02/2014," 3,048.89 "
19/02/2014," 3,076.89 "
20/02/2014," 3,121.48 "
21/02/2014," 3,140.15 "
24/02/2014," 3,162.96 "
25/02/2014," 3,176.44 "
26/02/2014," 3,160.89 "
27/02/2014," 3,197.19 "
28/02/2014," 3,215.85 "
03/03/2014," 3,114.22 "
04/03/2014," 3,173.33 "
05/03/2014," 3,170.22 "
06/03/2014," 3,171.26 "
07/03/2014," 3,111.11 "
10/03/2014," 3,111.11 "
11/03/2014," 3,108.00 "
12/03/2014," 3,057.19 "
13/03/2014," 2,992.89 "
14/03/2014," 2,979.41 "
17/03/2014," 3,040.59 "
18/03/2014," 3,010.52 "
19/03/2014," 3,004.30 "
20/03/2014," 3,006.37 "
21/03/2014," 3,001.19 "
24/03/2014," 2,927.56 "
25/03/2014," 2,968.00 "
26/03/2014," 3,007.41 "
27/03/2014," 2,972.15 "
28/03/2014," 2,955.56 "
31/03/2014," 2,997.04 "
01/04/2014," 3,038.52 "
02/04/2014," 3,075.85 "
03/04/2014," 3,058.22 "
04/04/2014," 3,096.59 "
07/04/2014," 3,081.04 "
08/04/2014," 3,069.63 "
09/04/2014," 3,100.74 "
10/04/2014," 3,111.11 "
11/04/2014," 2,990.81 "
14/04/2014," 2,962.81 "
15/04/2014," 2,909.93 "
16/04/2014," 2,932.74 "
17/04/2014," 2,976.30 "
22/04/2014," 3,012.59 "
23/04/2014," 3,035.41 "
24/04/2014," 3,077.93 "
25/04/2014," 3,072.74 "
28/04/2014," 3,057.19 "
29/04/2014," 3,046.81 "
30/04/2014," 3,006.37 "
01/05/2014," 3,029.19 "
02/05/2014," 3,061.33 "
06/05/2014," 3,052.00 "
07/05/2014," 3,011.56 "
08/05/2014," 3,018.81 "
09/05/2014," 3,012.59 "
12/05/2014," 3,020.89 "
13/05/2014," 3,048.89 "
14/05/2014," 3,049.93 "
15/05/2014," 2,992.89 "
16/05/2014," 2,901.63 "
19/05/2014," 2,889.19 "
20/05/2014," 2,935.85 "
21/05/2014," 2,925.48 "
22/05/2014," 2,940.00 "
23/05/2014," 2,945.19 "
27/05/2014," 2,982.52 "
28/05/2014," 2,988.74 "
29/05/2014," 2,992.89 "
30/05/2014," 2,964.89 "
02/06/2014," 3,000.15 "
03/06/2014," 2,984.59 "
04/06/2014," 3,004.30 "
05/06/2014," 3,025.04 "
06/06/2014," 3,093.48 "
09/06/2014," 3,089.33 "
10/06/2014," 3,085.19 "
11/06/2014," 3,059.26 "
12/06/2014," 3,083.11 "
13/06/2014," 3,004.30 "
16/06/2014," 2,966.96 "
17/06/2014," 2,942.07 "
18/06/2014," 2,946.22 "
19/06/2014," 2,953.48 "
20/06/2014," 2,979.41 "
23/06/2014," 2,943.11 "
24/06/2014," 2,885.04 "
25/06/2014," 2,787.56 "
26/06/2014," 2,829.04 "
27/06/2014," 2,828.00 "
30/06/2014," 2,834.22 "
01/07/2014," 2,797.93 "
02/07/2014," 2,825.93 "
03/07/2014," 2,864.30 "
04/07/2014," 2,882.96 "
07/07/2014," 2,858.07 "
08/07/2014," 2,807.26 "
09/07/2014," 2,766.81 "
10/07/2014," 2,682.81 "
11/07/2014," 2,655.85 "
14/07/2014," 2,721.19 "
15/07/2014," 2,717.04 "
16/07/2014," 2,760.59 "
17/07/2014," 2,756.44 "
18/07/2014," 2,755.41 "
21/07/2014," 2,748.15 "
22/07/2014," 2,820.74 "
23/07/2014," 2,868.44 "
24/07/2014," 2,895.41 "
25/07/2014," 2,880.89 "
28/07/2014," 2,864.30 "
29/07/2014," 2,889.19 "
30/07/2014," 2,870.52 "
31/07/2014," 2,824.89 "
01/08/2014," 2,764.74 "
04/08/2014," 2,749.19 "
05/08/2014," 2,774.07 "
06/08/2014," 2,791.70 "
07/08/2014," 2,896.44 "
08/08/2014," 2,928.59 "
11/08/2014," 2,963.85 "
12/08/2014," 2,983.56 "
13/08/2014," 3,012.59 "
14/08/2014," 3,026.07 "
15/08/2014," 3,000.15 "
18/08/2014," 3,020.89 "
19/08/2014," 3,043.70 "
20/08/2014," 3,045.78 "
21/08/2014," 3,076.89 "
22/08/2014," 3,099.70 "
26/08/2014," 3,113.19 "
27/08/2014," 3,111.11 "
28/08/2014," 3,055.11 "
29/08/2014," 3,069.63 "
01/09/2014," 3,052.00 "
02/09/2014," 3,083.11 "
03/09/2014," 3,054.07 "
04/09/2014," 3,064.44 "
05/09/2014," 3,080.00 "
08/09/2014," 3,020.89 "
09/09/2014," 3,032.30 "
10/09/2014," 3,008.44 "
11/09/2014," 2,952.44 "
12/09/2014," 2,970.07 "
15/09/2014," 3,003.26 "
16/09/2014," 2,961.78 "
17/09/2014," 2,950.37 "
18/09/2014," 2,968.00 "
19/09/2014," 3,017.78 "
22/09/2014," 2,994.96 "
23/09/2014," 2,976.30 "
24/09/2014," 2,947.26 "
25/09/2014," 2,931.70 "
26/09/2014," 2,927.56 "
29/09/2014," 2,919.26 "
30/09/2014," 2,930.67 "
01/10/2014," 2,916.15 "
02/10/2014," 2,891.26 "
03/10/2014," 2,913.04 "
06/10/2014," 2,931.70 "
07/10/2014," 2,872.59 "
08/10/2014," 2,831.11 "
09/10/2014," 2,766.81 "
10/10/2014," 2,750.22 "
13/10/2014," 2,738.81 "
14/10/2014," 2,787.56 "
15/10/2014," 2,757.48 "
16/10/2014," 2,787.56 "
17/10/2014," 2,831.11 "
20/10/2014," 2,806.22 "
21/10/2014," 2,869.48 "
22/10/2014," 2,912.00 "
23/10/2014," 2,914.07 "
24/10/2014," 2,882.96 "
27/10/2014," 2,887.11 "
28/10/2014," 2,888.15 "
29/10/2014," 2,919.26 "
30/10/2014," 2,904.74 "
31/10/2014," 2,955.56 "
03/11/2014," 2,987.70 "
04/11/2014," 2,972.15 "
05/11/2014," 2,997.04 "
06/11/2014," 2,985.63 "
07/11/2014," 2,976.30 "
10/11/2014," 2,986.67 "
11/11/2014," 2,976.30 "
12/11/2014," 2,934.81 "
13/11/2014," 2,950.37 "
14/11/2014," 2,931.70 "
17/11/2014," 2,920.30 "
18/11/2014," 2,945.19 "
19/11/2014," 2,942.07 "
20/11/2014," 2,948.30 "
21/11/2014," 2,996.00 "
24/11/2014," 3,013.63 "
25/11/2014," 3,012.59 "
26/11/2014," 3,024.00 "
27/11/2014," 3,026.07 "
28/11/2014," 2,960.74 "
01/12/2014," 2,900.59 "
02/12/2014," 2,928.59 "
03/12/2014," 2,981.48 "
04/12/2014," 3,004.30 "
05/12/2014," 3,102.81 "
08/12/2014," 3,111.11 "
09/12/2014," 3,035.41 "
10/12/2014," 3,043.70 "
11/12/2014," 2,966.96 "
12/12/2014," 2,877.78 "
15/12/2014," 2,850.81 "
16/12/2014," 2,862.22 "
17/12/2014," 2,872.59 "
18/12/2014," 2,921.33 "
19/12/2014," 2,949.33 "
22/12/2014," 2,944.15 "
23/12/2014," 2,994.96 "
24/12/2014," 2,998.07 "
29/12/2014," 2,990.81 "
30/12/2014," 2,974.22 "
31/12/2014," 2,982.52 "
02/01/2015," 2,953.48 "
05/01/2015," 2,936.89 "
06/01/2015," 2,887.11 "
07/01/2015," 2,903.70 "
08/01/2015," 2,954.52 "
09/01/2015," 2,947.26 "
12/01/2015," 2,960.74 "
13/01/2015," 3,052.00 "
14/01/2015," 3,007.41 "
15/01/2015," 3,063.41 "
16/01/2015," 3,059.26 "
19/01/2015," 3,127.70 "
20/01/2015," 3,138.07 "
21/01/2015," 3,152.59 "
22/01/2015," 3,158.81 "
23/01/2015," 3,186.81 "
26/01/2015," 3,223.11 "
27/01/2015," 3,192.00 "
28/01/2015," 3,211.70 "
29/01/2015," 3,215.85 "
30/01/2015," 3,162.96 "
02/02/2015," 3,181.63 "
03/02/2015," 3,223.11 "
04/02/2015," 3,231.41 "
05/02/2015," 3,279.11 "
06/02/2015," 3,271.85 "
09/02/2015," 3,231.41 "
10/02/2015," 3,272.89 "
11/02/2015," 3,229.33 "
12/02/2015," 3,324.74 "
13/02/2015," 3,232.44 "
16/02/2015," 3,257.33 "
17/02/2015," 3,253.19 "
18/02/2015," 3,282.22 "
19/02/2015," 3,337.19 "
20/02/2015," 3,340.30 "
23/02/2015," 3,322.67 "
24/02/2015," 3,339.26 "
25/02/2015," 3,339.26 "
26/02/2015," 3,358.96 "
27/02/2015," 3,330.96 "
02/03/2015," 3,310.22 "
03/03/2015," 3,245.93 "
04/03/2015," 3,194.07 "
05/03/2015," 3,533.19 "
06/03/2015," 3,438.81 "
09/03/2015," 3,388.00 "
10/03/2015," 3,357.93 "
11/03/2015," 3,422.22 "
12/03/2015," 3,472.00 "
13/03/2015," 3,467.85 "
16/03/2015," 3,523.85 "
17/03/2015," 3,492.74 "
18/03/2015," 3,591.26 "
19/03/2015," 3,538.37 "
20/03/2015," 3,562.22 "
23/03/2015," 3,581.93 "
24/03/2015," 3,562.22 "
25/03/2015," 3,579.85 "
26/03/2015," 3,541.48 "
27/03/2015," 3,515.56 "
30/03/2015," 3,522.81 "
31/03/2015," 3,536.30 "
01/04/2015," 3,536.30 "
02/04/2015," 3,578.81 "
07/04/2015," 3,620.30 "
08/04/2015," 3,613.04 "
09/04/2015," 3,629.63 "
10/04/2015," 3,656.59 "
13/04/2015," 3,655.56 "
14/04/2015," 3,697.04 "
15/04/2015," 3,693.93 "
16/04/2015," 3,644.15 "
17/04/2015," 3,599.56 "
20/04/2015," 3,627.56 "
21/04/2015," 3,629.63 "
22/04/2015," 3,631.70 "
23/04/2015," 3,629.63 "
24/04/2015," 3,604.74 "
27/04/2015," 3,628.59 "
28/04/2015," 3,593.33 "
29/04/2015," 3,561.19 "
30/04/2015," 3,507.26 "
01/05/2015," 3,539.41 "
05/05/2015," 3,538.37 "
06/05/2015," 3,521.78 "
07/05/2015," 3,550.81 "
08/05/2015," 3,673.19 "
11/05/2015," 3,452.30 "
12/05/2015," 3,422.22 "
13/05/2015," 3,478.22 "
14/05/2015," 3,495.85 "
15/05/2015," 3,540.44 "
18/05/2015," 3,551.85 "
19/05/2015," 3,584.00 "
20/05/2015," 3,603.70 "
21/05/2015," 3,617.19 "
22/05/2015," 3,624.44 "
26/05/2015," 3,638.96 "
27/05/2015," 3,629.63 "
28/05/2015," 3,636.89 "
29/05/2015," 3,615.11 "
01/06/2015," 3,634.81 "
02/06/2015," 3,648.30 "
03/06/2015," 3,676.30 "
04/06/2015," 3,629.63 "
05/06/2015," 3,589.19 "
08/06/2015," 3,551.85 "
09/06/2015," 3,564.30 "
10/06/2015," 3,604.74 "
11/06/2015," 3,613.04 "
12/06/2015," 3,603.70 "
15/06/2015," 3,414.00 "
16/06/2015," 3,448.00 "
17/06/2015," 3,406.00 "
18/06/2015," 3,398.00 "
19/06/2015," 3,428.00 "
22/06/2015," 3,443.00 "
23/06/2015," 3,467.00 "
24/06/2015," 3,451.00 "
25/06/2015," 3,461.00 "
26/06/2015," 3,450.00 "
29/06/2015," 3,374.00 "
30/06/2015," 3,393.00 "
01/07/2015," 3,403.00 "
02/07/2015," 3,370.00 "
03/07/2015," 3,355.00 "
06/07/2015," 3,336.00 "
07/07/2015," 3,267.00 "
08/07/2015," 3,268.00 "
09/07/2015," 3,315.00 "
10/07/2015," 3,351.00 "
13/07/2015," 3,382.00 "
14/07/2015," 3,366.00 "
15/07/2015," 3,334.00 "
16/07/2015," 3,356.00 "
17/07/2015," 3,347.00 "
20/07/2015," 3,375.00 "
21/07/2015," 3,366.00 "
22/07/2015," 3,320.00 "
23/07/2015," 3,314.00 "
24/07/2015," 3,278.00 "
27/07/2015," 3,246.00 "
28/07/2015," 3,241.00 "
29/07/2015," 3,262.00 "
30/07/2015," 3,312.00 "
31/07/2015," 3,316.00 "
03/08/2015," 3,372.00 "
04/08/2015," 3,389.00 "
05/08/2015," 3,229.00 "
06/08/2015," 3,229.00 "
07/08/2015," 3,219.00 "
10/08/2015," 3,255.00 "
11/08/2015," 3,239.00 "
12/08/2015," 3,202.00 "
13/08/2015," 3,279.00 "
14/08/2015," 3,324.00 "
17/08/2015," 3,331.00 "
18/08/2015," 3,340.00 "
19/08/2015," 3,249.00 "
20/08/2015," 3,203.00 "
21/08/2015," 3,111.00 "
24/08/2015," 3,021.00 "
25/08/2015," 3,114.00 "
26/08/2015," 3,056.00 "
27/08/2015," 3,098.00 "
28/08/2015," 3,154.00 "
01/09/2015," 3,058.00 "
02/09/2015," 3,087.00 "
03/09/2015," 3,110.00 "
04/09/2015," 3,050.00 "
07/09/2015," 3,059.00 "
08/09/2015," 3,077.00 "
09/09/2015," 3,091.00 "
10/09/2015," 3,047.00 "
11/09/2015," 3,037.00 "
14/09/2015," 3,016.00 "
15/09/2015," 3,010.00 "
16/09/2015," 3,019.00 "
17/09/2015," 2,985.00 "
18/09/2015," 2,903.00 "
21/09/2015," 2,866.00 "
22/09/2015," 2,777.00 "
23/09/2015," 2,790.00 "
24/09/2015," 2,750.00 "
25/09/2015," 2,821.00 "
28/09/2015," 2,812.00 "
29/09/2015," 2,778.00 "
30/09/2015," 2,801.00 "
01/10/2015," 2,833.00 "
02/10/2015," 2,860.00 "
05/10/2015," 2,917.00 "
06/10/2015," 2,919.00 "
07/10/2015," 2,928.00 "
08/10/2015," 2,944.00 "
09/10/2015," 3,008.00 "
12/10/2015," 2,988.00 "
13/10/2015," 2,942.00 "
14/10/2015," 2,934.00 "
15/10/2015," 2,949.00 "
16/10/2015," 2,925.00 "
19/10/2015," 2,929.00 "
20/10/2015," 2,937.00 "
21/10/2015," 2,957.00 "
22/10/2015," 2,965.00 "
23/10/2015," 3,036.00 "
26/10/2015," 3,017.00 "
27/10/2015," 2,993.00 "
28/10/2015," 3,035.00 "
29/10/2015," 3,040.00 "
30/10/2015," 3,041.00 "
02/11/2015," 3,066.00 "
03/11/2015," 3,079.00 "
04/11/2015," 3,110.00 "
05/11/2015," 3,107.00 "
06/11/2015," 3,131.00 "
09/11/2015," 3,130.00 "
10/11/2015," 3,123.00 "
11/11/2015," 3,113.00 "
12/11/2015," 2,956.00 "
13/11/2015," 2,931.00 "
16/11/2015," 2,908.00 "
17/11/2015," 3,023.00 "
18/11/2015," 2,990.00 "
19/11/2015," 2,991.00 "
20/11/2015," 3,023.00 "
23/11/2015," 3,023.00 "
24/11/2015," 3,002.00 "
25/11/2015," 3,053.00 "
26/11/2015," 3,064.00 "
27/11/2015," 3,090.00 "
30/11/2015," 3,120.00 "
01/12/2015," 3,134.00 "
02/12/2015," 3,110.00 "
03/12/2015," 3,096.00 "
04/12/2015," 3,096.00 "
07/12/2015," 3,112.00 "
08/12/2015," 3,067.00 "
09/12/2015," 3,097.00 "
10/12/2015," 3,109.00 "
11/12/2015," 3,059.00 "
14/12/2015," 3,017.00 "
15/12/2015," 3,057.00 "
16/12/2015," 3,081.00 "
17/12/2015," 3,092.00 "
18/12/2015," 3,196.00 "
21/12/2015," 3,188.00 "
22/12/2015," 3,206.00 "
23/12/2015," 3,256.00 "
24/12/2015," 3,309.00 "
29/12/2015," 3,277.00 "
30/12/2015," 3,293.00 "
31/12/2015," 3,283.00 "
04/01/2016," 3,190.00 "
05/01/2016," 3,225.00 "
06/01/2016," 3,191.00 "
07/01/2016," 3,175.00 "
08/01/2016," 3,129.00 "
11/01/2016," 3,114.00 "
12/01/2016," 3,138.00 "
13/01/2016," 3,066.00 "
14/01/2016," 2,998.00 "
15/01/2016," 2,949.00 "
18/01/2016," 2,916.00 "
19/01/2016," 2,947.00 "
20/01/2016," 2,896.00 "
21/01/2016," 2,907.00 "
22/01/2016," 2,988.00 "
25/01/2016," 2,982.00 "
26/01/2016," 2,966.00 "
27/01/2016," 2,986.00 "
28/01/2016," 2,992.00 "
29/01/2016," 3,052.00 "
01/02/2016," 3,007.00 "
02/02/2016," 2,918.00 "
03/02/2016," 2,888.00 "
04/02/2016," 2,900.00 "
05/02/2016," 2,903.00 "
08/02/2016," 2,757.00 "
09/02/2016," 2,775.00 "
10/02/2016," 2,763.00 "
11/02/2016," 2,725.00 "
12/02/2016," 2,812.00 "
15/02/2016," 2,915.00 "
16/02/2016," 2,929.00 "
17/02/2016," 3,008.00 "
18/02/2016," 3,060.00 "
19/02/2016," 3,038.00 "
22/02/2016," 3,082.00 "
23/02/2016," 3,072.00 "
24/02/2016," 3,050.00 "
25/02/2016," 3,056.00 "
26/02/2016," 3,108.00 "
29/02/2016," 3,145.00 "
01/03/2016," 3,227.00 "
02/03/2016," 3,240.00 "
03/03/2016," 3,322.00 "
04/03/2016," 3,452.00 "
07/03/2016," 3,456.00 "
08/03/2016," 3,455.00 "
09/03/2016," 3,448.00 "
10/03/2016," 3,400.00 "
11/03/2016," 3,446.00 "
14/03/2016," 3,463.00 "
15/03/2016," 3,439.00 "
16/03/2016," 3,466.00 "
17/03/2016," 3,482.00 "
18/03/2016," 3,500.00 "
21/03/2016," 3,491.00 "
22/03/2016," 3,546.00 "
23/03/2016," 3,562.00 "
24/03/2016," 3,530.00 "
29/03/2016," 3,553.00 "
30/03/2016," 3,651.00 "
31/03/2016," 3,640.00 "
01/04/2016," 3,562.00 "
04/04/2016," 3,591.00 "
05/04/2016," 3,550.00 "
06/04/2016," 3,567.00 "
07/04/2016," 3,549.00 "
08/04/2016," 3,575.00 "
11/04/2016," 3,557.00 "
12/04/2016," 3,586.00 "
13/04/2016," 3,630.00 "
14/04/2016," 3,602.00 "
15/04/2016," 3,603.00 "
18/04/2016," 3,550.00 "
19/04/2016," 3,559.00 "
20/04/2016," 3,557.00 "
21/04/2016," 3,540.00 "
22/04/2016," 3,543.00 "
25/04/2016," 3,530.00 "
26/04/2016," 3,515.00 "
27/04/2016," 3,505.00 "
28/04/2016," 3,424.00 "
29/04/2016," 3,415.00 "
03/05/2016," 3,389.00 "
04/05/2016," 3,375.00 "
05/05/2016," 3,386.00 "
06/05/2016," 3,441.00 "
09/05/2016," 3,443.00 "
10/05/2016," 3,456.00 "
11/05/2016," 3,487.00 "
12/05/2016," 3,428.00 "
13/05/2016," 3,431.00 "
16/05/2016," 3,459.00 "
17/05/2016," 3,452.00 "
18/05/2016," 3,457.00 "
19/05/2016," 3,399.00 "
20/05/2016," 3,443.00 "
23/05/2016," 3,467.00 "
24/05/2016," 3,473.00 "
25/05/2016," 3,478.00 "
26/05/2016," 3,465.00 "
27/05/2016," 3,445.00 "
31/05/2016," 3,450.00 "
01/06/2016," 3,457.00 "
02/06/2016," 3,477.00 "
03/06/2016," 3,459.00 "
06/06/2016," 3,518.00 "
07/06/2016," 3,507.00 "
08/06/2016," 3,505.00 "
09/06/2016," 3,470.00 "
10/06/2016," 3,404.00 "
13/06/2016," 3,355.00 "
14/06/2016," 3,341.00 "
15/06/2016," 3,386.00 "
16/06/2016," 3,289.00 "
17/06/2016," 3,383.00 "
20/06/2016," 3,491.00 "
21/06/2016," 3,450.00 "
22/06/2016," 3,471.00 "
23/06/2016," 3,535.00 "
24/06/2016," 3,460.00 "
27/06/2016," 3,433.00 "
28/06/2016," 3,532.00 "
29/06/2016," 3,645.00 "
30/06/2016," 3,740.00 "
01/07/2016," 3,775.00 "
04/07/2016," 3,745.00 "
05/07/2016," 3,690.00 "
06/07/2016," 3,734.00 "
07/07/2016," 3,748.00 "
08/07/2016," 3,809.00 "
11/07/2016," 3,884.00 "
12/07/2016," 3,885.00 "
13/07/2016," 3,907.00 "
14/07/2016," 3,891.00 "
15/07/2016," 3,880.00 "
18/07/2016," 3,852.00 "
19/07/2016," 3,869.00 "
20/07/2016," 3,866.00 "
21/07/2016," 3,864.00 "
22/07/2016," 3,881.00 "
25/07/2016," 3,929.00 "
26/07/2016," 3,958.00 "
27/07/2016," 4,012.00 "
28/07/2016," 3,989.00 "
29/07/2016," 3,983.00 "
01/08/2016," 3,965.00 "
02/08/2016," 3,949.00 "
03/08/2016," 3,970.00 "
04/08/2016," 4,015.00 "
05/08/2016," 4,059.00 "
08/08/2016," 4,102.00 "
09/08/2016," 4,348.00 "
10/08/2016," 4,415.00 "
11/08/2016," 4,486.00 "
12/08/2016," 4,444.00 "
15/08/2016," 4,442.00 "
16/08/2016," 4,409.00 "
17/08/2016," 4,370.00 "
18/08/2016," 4,389.00 "
19/08/2016," 4,386.00 "
22/08/2016," 4,381.00 "
23/08/2016," 4,441.00 "
24/08/2016," 4,412.00 "
25/08/2016," 4,410.00 "
26/08/2016," 4,437.00 "
30/08/2016," 4,374.00 "
31/08/2016," 4,334.00 "
01/09/2016," 4,332.00 "
02/09/2016," 4,401.00 "
05/09/2016," 4,404.00 "
06/09/2016," 4,404.00 "
07/09/2016," 4,405.00 "
08/09/2016," 4,386.00 "
09/09/2016," 4,328.00 "
12/09/2016," 4,301.00 "
13/09/2016," 4,286.00 "
14/09/2016," 4,365.00 "
15/09/2016," 4,428.00 "
16/09/2016," 4,417.00 "
19/09/2016," 4,454.00 "
20/09/2016," 4,490.00 "
21/09/2016," 4,463.00 "
22/09/2016," 4,501.00 "
23/09/2016," 4,472.00 "
26/09/2016," 4,413.00 "
27/09/2016," 4,412.00 "
28/09/2016," 4,447.00 "
29/09/2016," 4,490.00 "
30/09/2016," 4,495.00 "
03/10/2016," 4,536.00 "
04/10/2016," 4,669.00 "
05/10/2016," 4,595.00 "
06/10/2016," 4,578.00 "
07/10/2016," 4,561.00 "
10/10/2016," 4,585.00 "
11/10/2016," 4,572.00 "
12/10/2016," 4,553.00 "
13/10/2016," 4,513.00 "
14/10/2016," 4,562.00 "
17/10/2016," 4,551.00 "
18/10/2016," 4,617.00 "
19/10/2016," 4,612.00 "
20/10/2016," 4,539.00 "
21/10/2016," 4,567.00 "
24/10/2016," 4,541.00 "
25/10/2016," 4,495.00 "
26/10/2016," 4,453.00 "
27/10/2016," 4,394.00 "
28/10/2016," 4,394.00 "
31/10/2016," 4,412.00 "
01/11/2016," 4,374.00 "
02/11/2016," 4,368.00 "
03/11/2016," 4,324.00 "
04/11/2016," 4,261.00 "
07/11/2016," 4,316.00 "
08/11/2016," 4,328.00 "
09/11/2016," 4,384.00 "
10/11/2016," 4,372.00 "
11/11/2016," 4,205.00 "
14/11/2016," 4,174.00 "
15/11/2016," 4,231.00 "
16/11/2016," 4,144.00 "
17/11/2016," 4,190.00 "
18/11/2016," 4,176.00 "
21/11/2016," 4,221.00 "
22/11/2016," 4,243.00 "
23/11/2016," 4,318.00 "
24/11/2016," 4,297.00 "
25/11/2016," 4,261.00 "
28/11/2016," 4,233.00 "
29/11/2016," 4,199.00 "
30/11/2016," 4,271.00 "
01/12/2016," 4,232.00 "
02/12/2016," 4,191.00 "
05/12/2016," 4,262.00 "
06/12/2016," 4,198.00 "
07/12/2016," 4,278.00 "
08/12/2016," 4,241.00 "
09/12/2016," 4,303.00 "
12/12/2016," 4,229.00 "
13/12/2016," 4,200.00 "
14/12/2016," 4,211.00 "
15/12/2016," 4,219.00 "
16/12/2016," 4,203.00 "
19/12/2016," 4,201.00 "
20/12/2016," 4,125.00 "
21/12/2016," 4,142.00 "
22/12/2016," 4,165.00 "
23/12/2016," 4,144.00 "
28/12/2016," 4,250.00 "
29/12/2016," 4,185.00 "
30/12/2016," 4,184.00 "
03/01/2017," 4,208.00 "
04/01/2017," 4,205.00 "
05/01/2017," 4,207.00 "
06/01/2017," 4,244.00 "
09/01/2017," 4,247.00 "
10/01/2017," 4,282.00 "
11/01/2017," 4,371.00 "
12/01/2017," 4,351.00 "
13/01/2017," 4,359.00 "
16/01/2017," 4,326.00 "
17/01/2017," 4,252.00 "
18/01/2017," 4,259.00 "
19/01/2017," 4,338.00 "
20/01/2017," 4,324.00 "
23/01/2017," 4,311.00 "
24/01/2017," 4,288.00 "
25/01/2017," 4,353.00 "
26/01/2017," 4,342.00 "
27/01/2017," 4,369.00 "
30/01/2017," 4,338.00 "
31/01/2017," 4,305.00 "
01/02/2017," 4,338.00 "
02/02/2017," 4,363.00 "
03/02/2017," 4,424.00 "
06/02/2017," 4,448.00 "
07/02/2017," 4,512.00 "
08/02/2017," 4,456.00 "
09/02/2017," 4,405.00 "
10/02/2017," 4,418.00 "
13/02/2017," 4,445.00 "
14/02/2017," 4,427.00 "
15/02/2017," 4,469.00 "
16/02/2017," 4,448.00 "
17/02/2017," 4,418.00 "
20/02/2017," 4,440.00 "
21/02/2017," 4,451.00 "
22/02/2017," 4,398.00 "
23/02/2017," 4,388.00 "
24/02/2017," 4,371.00 "
27/02/2017," 4,428.00 "
28/02/2017," 4,449.00 "
01/03/2017," 4,554.00 "
02/03/2017," 4,584.00 "
03/03/2017," 4,563.00 "
06/03/2017," 4,568.00 "
07/03/2017," 4,585.00 "
08/03/2017," 4,621.00 "
09/03/2017," 4,605.00 "
10/03/2017," 4,667.00 "
13/03/2017," 4,684.00 "
14/03/2017," 4,704.00 "
15/03/2017," 4,787.00 "
16/03/2017," 4,782.00 "
17/03/2017," 4,807.00 "
20/03/2017," 4,822.00 "
21/03/2017," 4,752.00 "
22/03/2017," 4,703.00 "
23/03/2017," 4,792.00 "
24/03/2017," 4,782.00 "
27/03/2017," 4,749.00 "
28/03/2017," 4,765.00 "
29/03/2017," 4,778.00 "
30/03/2017," 4,802.00 "
31/03/2017," 4,769.00 "
03/04/2017," 4,893.00 "
04/04/2017," 4,922.00 "
05/04/2017," 4,938.00 "
06/04/2017," 4,971.00 "
07/04/2017," 5,010.00 "
10/04/2017," 5,010.00 "
11/04/2017," 5,030.00 "
12/04/2017," 5,110.00 "
13/04/2017," 5,140.00 "
18/04/2017," 5,075.00 "
19/04/2017," 5,120.00 "
20/04/2017," 5,130.00 "
21/04/2017," 5,160.00 "
24/04/2017," 5,215.00 "
25/04/2017," 5,205.00 "
26/04/2017," 5,285.00 "
27/04/2017," 5,250.00 "
28/04/2017," 5,200.00 "
02/05/2017," 5,325.00 "
03/05/2017," 5,275.00 "
04/05/2017," 5,245.00 "
05/05/2017," 5,240.00 "
08/05/2017," 5,185.00 "
09/05/2017," 5,150.00 "
10/05/2017," 5,170.00 "
11/05/2017," 5,185.00 "
12/05/2017," 5,180.00 "
15/05/2017," 5,170.00 "
16/05/2017," 5,225.00 "
17/05/2017," 5,150.00 "
18/05/2017," 5,155.00 "
19/05/2017," 5,225.00 "
22/05/2017," 5,230.00 "
23/05/2017," 5,255.00 "
24/05/2017," 5,260.00 "
25/05/2017," 5,310.00 "
26/05/2017," 5,760.00 "
30/05/2017," 5,660.00 "
31/05/2017," 5,675.00 "
01/06/2017," 5,625.00 "
02/06/2017," 5,625.00 "
05/06/2017," 5,570.00 "
06/06/2017," 5,500.00 "
07/06/2017," 5,445.00 "
08/06/2017," 5,430.00 "
09/06/2017," 5,460.00 "
12/06/2017," 5,395.00 "
13/06/2017," 5,425.00 "
14/06/2017," 5,385.00 "
15/06/2017," 5,290.00 "
16/06/2017," 5,480.00 "
19/06/2017," 5,530.00 "
20/06/2017," 5,465.00 "
21/06/2017," 5,465.00 "
22/06/2017," 5,460.00 "
23/06/2017," 5,485.00 "
26/06/2017," 5,480.00 "
27/06/2017," 5,455.00 "
28/06/2017," 5,440.00 "
29/06/2017," 5,315.00 "
30/06/2017," 5,350.00 "
03/07/2017," 5,390.00 "
04/07/2017," 5,315.00 "
05/07/2017," 5,395.00 "
06/07/2017," 5,360.00 "
07/07/2017," 5,380.00 "
10/07/2017," 5,465.00 "
11/07/2017," 5,485.00 "
12/07/2017," 5,540.00 "
13/07/2017," 5,560.00 "
14/07/2017," 5,570.00 "
17/07/2017," 5,580.00 "
18/07/2017," 5,605.00 "
19/07/2017," 5,620.00 "
20/07/2017," 5,620.00 "
21/07/2017," 5,645.00 "
24/07/2017," 5,520.00 "
25/07/2017," 5,540.00 "
26/07/2017," 5,600.00 "
27/07/2017," 5,600.00 "
28/07/2017," 5,555.00 "
31/07/2017," 5,560.00 "
01/08/2017," 5,555.00 "
02/08/2017," 5,510.00 "
03/08/2017," 5,475.00 "
04/08/2017," 5,570.00 "
07/08/2017," 5,635.00 "
08/08/2017," 5,575.00 "
09/08/2017," 5,835.00 "
10/08/2017," 5,750.00 "
11/08/2017," 5,695.00 "
14/08/2017," 5,630.00 "
15/08/2017," 5,635.00 "
16/08/2017," 5,660.00 "
17/08/2017," 5,665.00 "
18/08/2017," 5,610.00 "
21/08/2017," 5,610.00 "
22/08/2017," 5,655.00 "
23/08/2017," 5,645.00 "
24/08/2017," 5,690.00 "
25/08/2017," 5,670.00 "
29/08/2017," 5,590.00 "
30/08/2017," 5,605.00 "
31/08/2017," 5,620.00 "
01/09/2017," 5,620.00 "
04/09/2017," 5,580.00 "
05/09/2017," 5,620.00 "
06/09/2017," 5,615.00 "
07/09/2017," 5,655.00 "
08/09/2017," 5,730.00 "
11/09/2017," 5,710.00 "
12/09/2017," 5,730.00 "
13/09/2017," 5,745.00 "
14/09/2017," 5,740.00 "
15/09/2017," 5,540.00 "
18/09/2017," 5,580.00 "
19/09/2017," 5,620.00 "
20/09/2017," 5,550.00 "
21/09/2017," 5,450.00 "
22/09/2017," 5,510.00 "
25/09/2017," 5,450.00 "
26/09/2017," 5,440.00 "
27/09/2017," 5,460.00 "
28/09/2017," 5,505.00 "
29/09/2017," 5,525.00 "
02/10/2017," 5,565.00 "
03/10/2017," 5,540.00 "
04/10/2017," 5,555.00 "
05/10/2017," 5,595.00 "
06/10/2017," 5,715.00 "
09/10/2017," 5,710.00 "
10/10/2017," 5,730.00 "
11/10/2017," 5,785.00 "
12/10/2017," 5,770.00 "
13/10/2017," 5,795.00 "
16/10/2017," 5,700.00 "
17/10/2017," 5,650.00 "
18/10/2017," 5,650.00 "
19/10/2017," 5,620.00 "
20/10/2017," 5,635.00 "
23/10/2017," 5,645.00 "
24/10/2017," 5,635.00 "
25/10/2017," 5,705.00 "
26/10/2017," 5,750.00 "
27/10/2017," 5,780.00 "
30/10/2017," 5,705.00 "
31/10/2017," 5,650.00 "
01/11/2017," 5,665.00 "
02/11/2017," 5,695.00 "
03/11/2017," 5,820.00 "
06/11/2017," 5,770.00 "
07/11/2017," 5,755.00 "
08/11/2017," 5,690.00 "
09/11/2017," 5,660.00 "
10/11/2017," 5,690.00 "
13/11/2017," 5,660.00 "
14/11/2017," 5,705.00 "
15/11/2017," 5,670.00 "
16/11/2017," 5,745.00 "
17/11/2017," 5,730.00 "
20/11/2017," 5,795.00 "
21/11/2017," 5,835.00 "
22/11/2017," 5,840.00 "
23/11/2017," 5,825.00 "
24/11/2017," 5,845.00 "
27/11/2017," 5,855.00 "
28/11/2017," 5,920.00 "
29/11/2017," 5,770.00 "
30/11/2017," 5,765.00 "
01/12/2017," 5,675.00 "
04/12/2017," 5,700.00 "
05/12/2017," 5,665.00 "
06/12/2017," 5,690.00 "
07/12/2017," 5,605.00 "
08/12/2017," 5,565.00 "
11/12/2017," 5,555.00 "
12/12/2017," 5,520.00 "
13/12/2017," 5,510.00 "
14/12/2017," 5,495.00 "
15/12/2017," 5,440.00 "
18/12/2017," 5,500.00 "
19/12/2017," 5,525.00 "
20/12/2017," 5,470.00 "
21/12/2017," 5,525.00 "
22/12/2017," 5,565.00 "
27/12/2017," 5,615.00 "
28/12/2017," 5,605.00 "
29/12/2017," 5,620.00 "
02/01/2018," 5,615.00 "
03/01/2018," 5,605.00 "
04/01/2018," 5,615.00 "
05/01/2018," 5,685.00 "
08/01/2018," 5,680.00 "
09/01/2018," 5,675.00 "
10/01/2018," 5,670.00 "
11/01/2018," 5,660.00 "
12/01/2018," 5,705.00 "
15/01/2018," 5,685.00 "
16/01/2018," 5,775.00 "
17/01/2018," 5,760.00 "
18/01/2018," 5,755.00 "
19/01/2018," 5,800.00 "
22/01/2018," 5,705.00 "
23/01/2018," 5,740.00 "
24/01/2018," 5,670.00 "
25/01/2018," 5,650.00 "
26/01/2018," 5,690.00 "
29/01/2018," 5,680.00 "
30/01/2018," 5,705.00 "
31/01/2018," 5,675.00 "
01/02/2018," 5,700.00 "
02/02/2018," 5,645.00 "
05/02/2018," 5,595.00 "
06/02/2018," 5,485.00 "
07/02/2018," 5,655.00 "
08/02/2018," 5,475.00 "
09/02/2018," 5,410.00 "
12/02/2018," 5,500.00 "
13/02/2018," 5,455.00 "
14/02/2018," 5,490.00 "
15/02/2018," 5,585.00 "
16/02/2018," 5,610.00 "
19/02/2018," 5,555.00 "
20/02/2018," 5,590.00 "
21/02/2018," 5,600.00 "
22/02/2018," 5,625.00 "
23/02/2018," 5,640.00 "
26/02/2018," 5,650.00 "
27/02/2018," 5,740.00 "
28/02/2018," 5,710.00 "
01/03/2018," 5,675.00 "
02/03/2018," 5,565.00 "
05/03/2018," 5,560.00 "
06/03/2018," 5,585.00 "
07/03/2018," 5,610.00 "
08/03/2018," 5,725.00 "
09/03/2018," 5,780.00 "
12/03/2018," 5,780.00 "
13/03/2018," 5,755.00 "
14/03/2018," 5,745.00 "
15/03/2018," 6,090.00 "
16/03/2018," 5,990.00 "
19/03/2018," 5,880.00 "
20/03/2018," 5,860.00 "
21/03/2018," 5,850.00 "
22/03/2018," 5,770.00 "
23/03/2018," 5,735.00 "
26/03/2018," 5,675.00 "
27/03/2018," 5,700.00 "
28/03/2018," 5,720.00 "
29/03/2018," 5,755.00 "
03/04/2018," 5,650.00 "
04/04/2018," 5,560.00 "
05/04/2018," 5,695.00 "
06/04/2018," 5,645.00 "
09/04/2018," 5,660.00 "
10/04/2018," 5,700.00 "
11/04/2018," 5,695.00 "
12/04/2018," 5,720.00 "
13/04/2018," 5,740.00 "
16/04/2018," 5,720.00 "
17/04/2018," 5,700.00 "
18/04/2018," 5,725.00 "
19/04/2018," 5,775.00 "
20/04/2018," 5,805.00 "
23/04/2018," 5,795.00 "
24/04/2018," 5,715.00 "
25/04/2018," 5,665.00 "
26/04/2018," 5,645.00 "
27/04/2018," 5,715.00 "
30/04/2018," 5,765.00 "
01/05/2018," 5,790.00 "
02/05/2018," 5,800.00 "
03/05/2018," 5,755.00 "
04/05/2018," 5,830.00 "
08/05/2018," 5,930.00 "
09/05/2018," 5,905.00 "
10/05/2018," 5,985.00 "
11/05/2018," 5,985.00 "
14/05/2018," 5,980.00 "
15/05/2018," 5,985.00 "
16/05/2018," 6,080.00 "
17/05/2018," 6,085.00 "
18/05/2018," 6,110.00 "
21/05/2018," 6,155.00 "
22/05/2018," 6,180.00 "
23/05/2018," 6,140.00 "
24/05/2018," 6,130.00 "
25/05/2018," 6,210.00 "
29/05/2018," 6,175.00 "
30/05/2018," 6,155.00 "
31/05/2018," 6,180.00 "
01/06/2018," 6,225.00 "
04/06/2018," 6,260.00 "
05/06/2018," 6,320.00 "
06/06/2018," 6,360.00 "
07/06/2018," 6,400.00 "
08/06/2018," 6,375.00 "
11/06/2018," 6,405.00 "
12/06/2018," 6,415.00 "
13/06/2018," 6,445.00 "
14/06/2018," 6,425.00 "
15/06/2018," 6,495.00 "
18/06/2018," 6,460.00 "
19/06/2018," 6,400.00 "
20/06/2018," 6,425.00 "
21/06/2018," 6,425.00 "
22/06/2018," 6,440.00 "
25/06/2018," 6,440.00 "
26/06/2018," 6,450.00 "
27/06/2018," 6,525.00 "
28/06/2018," 6,525.00 "
29/06/2018," 6,520.00 "
02/07/2018," 6,455.00 "
03/07/2018," 6,445.00 "
04/07/2018," 6,340.00 "
05/07/2018," 6,375.00 "
06/07/2018," 6,375.00 "
09/07/2018," 6,385.00 "
10/07/2018," 6,540.00 "
11/07/2018," 6,550.00 "
12/07/2018," 6,585.00 "
13/07/2018," 6,750.00 "
16/07/2018," 6,740.00 "
17/07/2018," 6,785.00 "
18/07/2018," 6,770.00 "
19/07/2018," 6,775.00 "
20/07/2018," 6,810.00 "
23/07/2018," 6,860.00 "
24/07/2018," 6,800.00 "
25/07/2018," 6,810.00 "
26/07/2018," 6,845.00 "
27/07/2018," 6,895.00 "
30/07/2018," 6,910.00 "
31/07/2018," 6,945.00 "
01/08/2018," 6,955.00 "
02/08/2018," 6,895.00 "
03/08/2018," 6,865.00 "
06/08/2018," 6,855.00 "
07/08/2018," 6,750.00 "
08/08/2018," 6,820.00 "
09/08/2018," 7,240.00 "
10/08/2018," 7,265.00 "
13/08/2018," 7,190.00 "
14/08/2018," 7,270.00 "
15/08/2018," 7,145.00 "
16/08/2018," 7,155.00 "
17/08/2018," 7,120.00 "
20/08/2018," 7,180.00 "
21/08/2018," 7,180.00 "
22/08/2018," 7,130.00 "
23/08/2018," 7,105.00 "
24/08/2018," 7,095.00 "
28/08/2018," 7,165.00 "
29/08/2018," 7,195.00 "
30/08/2018," 7,140.00 "
31/08/2018," 7,130.00 "
03/09/2018," 7,180.00 "
04/09/2018," 7,065.00 "
05/09/2018," 6,910.00 "
06/09/2018," 6,900.00 "
07/09/2018," 6,890.00 "
10/09/2018," 6,940.00 "
11/09/2018," 6,930.00 "
12/09/2018," 7,000.00 "
13/09/2018," 6,985.00 "
14/09/2018," 7,160.00 "
17/09/2018," 7,120.00 "
18/09/2018," 7,200.00 "
19/09/2018," 7,040.00 "
20/09/2018," 7,075.00 "
21/09/2018," 7,105.00 "
24/09/2018," 7,020.00 "
25/09/2018," 7,080.00 "
26/09/2018," 7,205.00 "
27/09/2018," 7,215.00 "
28/09/2018," 7,300.00 "
01/10/2018," 7,345.00 "
02/10/2018," 7,190.00 "
03/10/2018," 7,240.00 "
04/10/2018," 7,055.00 "
05/10/2018," 6,990.00 "
08/10/2018," 6,730.00 "
09/10/2018," 6,650.00 "
10/10/2018," 6,330.00 "
11/10/2018," 6,235.00 "
12/10/2018," 6,350.00 "
15/10/2018," 6,180.00 "
16/10/2018," 6,540.00 "
17/10/2018," 6,570.00 "
18/10/2018," 6,445.00 "
19/10/2018," 6,340.00 "
22/10/2018," 6,350.00 "
23/10/2018," 6,140.00 "
24/10/2018," 6,170.00 "
25/10/2018," 6,340.00 "
26/10/2018," 6,330.00 "
29/10/2018," 6,355.00 "
30/10/2018," 6,310.00 "
31/10/2018," 6,470.00 "
01/11/2018," 6,485.00 "
02/11/2018," 6,500.00 "
05/11/2018," 6,395.00 "
06/11/2018," 6,460.00 "
07/11/2018," 6,585.00 "
08/11/2018," 6,650.00 "
09/11/2018," 6,525.00 "
12/11/2018," 6,485.00 "
13/11/2018," 6,665.00 "
14/11/2018," 6,590.00 "
15/11/2018," 6,800.00 "
16/11/2018," 6,695.00 "
19/11/2018," 6,595.00 "
20/11/2018," 6,280.00 "
21/11/2018," 6,320.00 "
22/11/2018," 6,115.00 "
23/11/2018," 6,130.00 "
26/11/2018," 6,200.00 "
27/11/2018," 6,175.00 "
28/11/2018," 6,185.00 "
29/11/2018," 6,195.00 "
30/11/2018," 6,135.00 "
03/12/2018," 6,340.00 "
04/12/2018," 6,325.00 "
05/12/2018," 6,210.00 "
06/12/2018," 6,010.00 "
07/12/2018," 6,095.00 "
10/12/2018," 6,110.00 "
11/12/2018," 6,165.00 "
12/12/2018," 6,330.00 "
13/12/2018," 6,315.00 "
14/12/2018," 6,100.00 "
17/12/2018," 5,935.00 "
18/12/2018," 6,090.00 "
19/12/2018," 6,005.00 "
20/12/2018," 6,000.00 "
21/12/2018," 5,900.00 "
24/12/2018," 6,070.00 "
27/12/2018," 6,045.00 "
28/12/2018," 6,155.00 "
31/12/2018," 6,240.00 "
02/01/2019," 6,160.00 "
03/01/2019," 5,950.00 "
04/01/2019," 6,110.00 "
07/01/2019," 6,200.00 "
08/01/2019," 6,415.00 "
09/01/2019," 6,530.00 "
10/01/2019," 6,510.00 "
11/01/2019," 6,405.00 "
14/01/2019," 6,325.00 "
15/01/2019," 6,325.00 "
16/01/2019," 6,315.00 "
17/01/2019," 6,295.00 "
18/01/2019," 6,405.00 "
21/01/2019," 6,485.00 "
22/01/2019," 6,435.00 "
23/01/2019," 6,320.00 "
24/01/2019," 6,335.00 "
25/01/2019," 6,240.00 "
28/01/2019," 6,305.00 "
29/01/2019," 6,375.00 "
30/01/2019," 6,530.00 "
31/01/2019," 6,405.00 "
01/02/2019," 6,430.00 "
04/02/2019," 6,510.00 "
05/02/2019," 6,665.00 "
06/02/2019," 6,700.00 "
07/02/2019," 6,615.00 "
08/02/2019," 6,510.00 "
11/02/2019," 6,615.00 "
12/02/2019," 6,585.00 "
13/02/2019," 6,610.00 "
14/02/2019," 6,700.00 "
15/02/2019," 6,680.00 "
18/02/2019," 6,755.00 "
19/02/2019," 6,725.00 "
20/02/2019," 6,770.00 "
21/02/2019," 6,765.00 "
22/02/2019," 6,785.00 "
25/02/2019," 6,780.00 "
26/02/2019," 6,760.00 "
27/02/2019," 6,655.00 "
28/02/2019," 6,665.00 "
01/03/2019," 6,760.00 "
04/03/2019," 6,825.00 "
05/03/2019," 6,860.00 "
06/03/2019," 6,850.00 "
07/03/2019," 7,005.00 "
08/03/2019," 6,915.00 "
11/03/2019," 7,055.00 "
12/03/2019," 7,090.00 "
13/03/2019," 7,120.00 "
14/03/2019," 7,125.00 "
15/03/2019," 7,080.00 "
18/03/2019," 7,010.00 "
19/03/2019," 7,085.00 "
20/03/2019," 7,085.00 "
21/03/2019," 7,150.00 "
22/03/2019," 7,065.00 "
25/03/2019," 6,990.00 "
26/03/2019," 7,065.00 "
27/03/2019," 7,050.00 "
28/03/2019," 7,090.00 "
29/03/2019," 7,190.00 "
01/04/2019," 7,305.00 "
02/04/2019," 7,400.00 "
03/04/2019," 7,495.00 "
04/04/2019," 7,525.00 "
05/04/2019," 7,620.00 "
08/04/2019," 7,665.00 "
09/04/2019," 7,630.00 "
10/04/2019," 7,710.00 "
11/04/2019," 7,855.00 "
12/04/2019," 7,880.00 "
15/04/2019," 8,010.00 "
16/04/2019," 8,040.00 "
17/04/2019," 8,035.00 "
18/04/2019," 8,030.00 "
23/04/2019," 8,205.00 "
24/04/2019," 8,335.00 "
25/04/2019," 8,165.00 "
26/04/2019," 8,180.00 "
29/04/2019," 8,175.00 "
30/04/2019," 8,250.00 "
01/05/2019," 8,145.00 "
02/05/2019," 8,155.00 "
03/05/2019," 8,195.00 "
07/05/2019," 8,100.00 "
08/05/2019," 8,200.00 "
09/05/2019," 8,045.00 "
10/05/2019," 8,125.00 "
13/05/2019," 8,060.00 "
14/05/2019," 8,415.00 "
15/05/2019," 8,525.00 "
16/05/2019," 8,700.00 "
17/05/2019," 8,680.00 "
20/05/2019," 8,590.00 "
21/05/2019," 8,590.00 "
22/05/2019," 8,780.00 "
23/05/2019," 8,725.00 "
24/05/2019," 8,870.00 "
28/05/2019," 8,650.00 "
29/05/2019," 8,405.00 "
30/05/2019," 8,440.00 "
31/05/2019," 8,360.00 "
03/06/2019," 8,405.00 "
04/06/2019," 8,475.00 "
05/06/2019," 8,535.00 "
06/06/2019," 8,435.00 "
07/06/2019," 8,560.00 "
10/06/2019," 8,760.00 "
11/06/2019," 8,760.00 "
12/06/2019," 8,785.00 "
13/06/2019," 8,775.00 "
14/06/2019," 8,700.00 "
17/06/2019," 8,720.00 "
18/06/2019," 8,895.00 "
19/06/2019," 8,825.00 "
20/06/2019," 8,985.00 "
21/06/2019," 9,110.00 "
24/06/2019," 9,230.00 "
25/06/2019," 9,315.00 "
26/06/2019," 9,265.00 "
27/06/2019," 9,175.00 "
28/06/2019," 9,185.00 "
01/07/2019," 9,320.00 "
02/07/2019," 9,310.00 "
03/07/2019," 9,400.00 "
04/07/2019," 9,245.00 "
05/07/2019," 9,040.00 "
08/07/2019," 9,015.00 "
09/07/2019," 8,885.00 "
10/07/2019," 8,795.00 "
11/07/2019," 8,710.00 "
12/07/2019," 8,695.00 "
15/07/2019," 8,770.00 "
16/07/2019," 8,845.00 "
17/07/2019," 8,865.00 "
18/07/2019," 8,780.00 "
19/07/2019," 8,770.00 "
22/07/2019," 8,765.00 "
23/07/2019," 8,765.00 "
24/07/2019," 8,770.00 "
25/07/2019," 8,775.00 "
26/07/2019," 8,880.00 "
29/07/2019," 8,975.00 "
30/07/2019," 9,030.00 "
31/07/2019," 8,995.00 "
01/08/2019," 9,090.00 "
02/08/2019," 8,790.00 "
05/08/2019," 8,500.00 "
06/08/2019," 8,610.00 "
07/08/2019," 8,060.00 "
08/08/2019," 8,095.00 "
09/08/2019," 7,920.00 "
12/08/2019," 7,920.00 "
13/08/2019," 7,855.00 "
14/08/2019," 7,735.00 "
15/08/2019," 7,690.00 "
16/08/2019," 7,785.00 "
19/08/2019," 7,815.00 "
20/08/2019," 7,850.00 "
21/08/2019," 8,055.00 "
22/08/2019," 7,920.00 "
23/08/2019," 7,875.00 "
26/08/2019,#N/A
27/08/2019," 7,795.00 "
28/08/2019," 7,740.00 "
29/08/2019," 7,910.00 "
30/08/2019," 8,025.00 "
02/09/2019," 8,040.00 "
03/09/2019," 8,025.00 "
04/09/2019," 8,025.00 "
05/09/2019," 8,060.00 "
06/09/2019," 8,125.00 "
09/09/2019," 8,110.00 "
10/09/2019," 7,865.00 "
11/09/2019," 8,100.00 "
12/09/2019," 8,180.00 "
13/09/2019," 8,130.00 "
16/09/2019," 7,990.00 "
17/09/2019," 8,065.00 "
18/09/2019," 8,065.00 "
19/09/2019," 8,145.00 "
20/09/2019," 8,005.00 "
23/09/2019," 8,005.00 "
24/09/2019," 7,770.00 "
25/09/2019," 7,645.00 "
26/09/2019," 7,770.00 "
27/09/2019," 7,890.00 "
30/09/2019," 7,845.00 "
01/10/2019," 7,805.00 "
02/10/2019," 7,625.00 "
03/10/2019," 7,440.00 "
04/10/2019," 7,605.00 "
07/10/2019," 7,695.00 "
08/10/2019," 7,575.00 "
09/10/2019," 7,600.00 "
10/10/2019," 7,535.00 "
11/10/2019," 7,565.00 "
14/10/2019," 7,620.00 "
15/10/2019," 7,530.00 "
16/10/2019," 7,330.00 "
17/10/2019," 7,500.00 "
18/10/2019," 7,500.00 "
21/10/2019," 7,490.00 "
22/10/2019," 7,465.00 "
23/10/2019," 7,475.00 "
24/10/2019," 7,575.00 "
25/10/2019," 7,595.00 "
28/10/2019," 7,800.00 "
29/10/2019," 7,815.00 "
30/10/2019," 7,965.00 "
31/10/2019," 7,925.00 "
01/11/2019," 8,080.00 "
04/11/2019," 8,200.00 "
05/11/2019," 8,330.00 "
06/11/2019," 8,335.00 "
07/11/2019," 8,490.00 "
08/11/2019," 8,440.00 "
11/11/2019," 8,300.00 "
12/11/2019," 8,215.00 "
13/11/2019," 8,395.00 "
14/11/2019," 8,350.00 "
15/11/2019," 8,425.00 "
18/11/2019," 8,335.00 "
19/11/2019," 8,550.00 "
20/11/2019," 8,545.00 "
21/11/2019," 8,505.00 "
22/11/2019," 8,590.00 "
25/11/2019," 8,850.00 "
26/11/2019," 8,930.00 "
27/11/2019," 9,100.00 "
28/11/2019," 8,990.00 "
29/11/2019," 8,925.00 "
02/12/2019," 8,885.00 "
03/12/2019," 8,860.00 "
04/12/2019," 8,845.00 "
05/12/2019," 8,800.00 "
06/12/2019," 8,850.00 "
09/12/2019," 8,785.00 "
10/12/2019," 8,700.00 "
11/12/2019," 8,680.00 "
12/12/2019," 8,690.00 "
13/12/2019," 8,600.00 "
16/12/2019," 8,935.00 "
17/12/2019," 9,030.00 "
18/12/2019," 8,970.00 "
19/12/2019," 9,000.00 "
20/12/2019," 9,000.00 "
23/12/2019," 9,065.00 "
24/12/2019," 9,055.00 "
27/12/2019," 9,125.00 "
30/12/2019," 9,020.00 "
31/12/2019," 8,890.00 "
02/01/2020," 9,040.00 "
03/01/2020," 9,020.00 "
06/01/2020," 8,960.00 "
07/01/2020," 8,950.00 "
08/01/2020," 8,950.00 "
09/01/2020," 8,930.00 "
10/01/2020," 8,915.00 "
13/01/2020," 9,015.00 "
14/01/2020," 9,065.00 "
15/01/2020," 9,135.00 "
16/01/2020," 9,100.00 "
17/01/2020," 9,175.00 "
20/01/2020," 9,155.00 "
21/01/2020," 9,175.00 "
22/01/2020," 9,095.00 "
23/01/2020," 9,015.00 "
24/01/2020," 9,155.00 "
27/01/2020," 8,840.00 "
28/01/2020," 8,910.00 "
29/01/2020," 8,990.00 "
30/01/2020," 8,935.00 "
31/01/2020," 8,920.00 "
03/02/2020," 9,005.00 "
04/02/2020," 9,080.00 "
05/02/2020," 9,290.00 "
06/02/2020," 9,295.00 "
07/02/2020," 9,185.00 "
10/02/2020," 9,210.00 "
11/02/2020," 9,325.00 "
12/02/2020," 9,395.00 "
13/02/2020," 9,305.00 "
14/02/2020," 9,275.00 "
17/02/2020," 9,275.00 "
18/02/2020," 9,200.00 "
19/02/2020," 9,400.00 "
20/02/2020," 9,415.00 "
21/02/2020," 9,365.00 "
24/02/2020," 9,080.00 "
25/02/2020," 8,900.00 "
26/02/2020," 9,045.00 "
27/02/2020," 8,705.00 "
28/02/2020," 8,395.00 "
02/03/2020," 8,545.00 "
03/03/2020," 8,755.00 "
04/03/2020," 8,825.00 "
05/03/2020," 8,655.00 "
06/03/2020," 8,630.00 "
09/03/2020," 8,300.00 "
10/03/2020," 8,310.00 "
11/03/2020," 8,045.00 "
12/03/2020," 7,775.00 "
13/03/2020," 8,225.00 "
16/03/2020," 8,430.00 "
17/03/2020," 9,055.00 "
18/03/2020," 8,545.00 "
19/03/2020," 8,140.00 "
20/03/2020," 8,245.00 "
23/03/2020," 7,785.00 "
24/03/2020," 8,555.00 "
25/03/2020," 8,485.00 "
26/03/2020," 8,420.00 "
27/03/2020," 7,945.00 "
30/03/2020," 8,180.00 "
31/03/2020," 8,165.00 "
01/04/2020," 7,842.00 "
02/04/2020," 7,880.00 "
03/04/2020," 7,860.00 "
06/04/2020," 7,710.00 "
07/04/2020," 8,284.00 "
08/04/2020," 8,232.00 "
09/04/2020," 8,400.00 "
14/04/2020," 8,350.00 "
15/04/2020," 8,230.00 "
16/04/2020," 8,322.00 "
17/04/2020," 8,822.00 "
20/04/2020," 8,956.00 "
21/04/2020," 8,816.00 "
22/04/2020," 8,804.00 "
23/04/2020," 8,908.00 "
24/04/2020," 8,614.00 "
27/04/2020," 8,742.00 "
28/04/2020," 8,784.00 "
29/04/2020," 8,884.00 "
30/04/2020," 8,728.00 "
01/05/2020," 8,546.00 "
04/05/2020," 8,650.00 "
05/05/2020," 8,914.00 "
06/05/2020," 9,092.00 "
07/05/2020," 9,370.00 "
08/05/2020,#N/A
11/05/2020," 9,274.00 "
12/05/2020," 9,262.00 "
13/05/2020," 9,466.00 "
14/05/2020," 8,836.00 "
15/05/2020," 9,128.00 "
18/05/2020," 9,468.00 "
19/05/2020," 9,400.00 "
20/05/2020," 9,524.00 "
21/05/2020," 9,650.00 "
22/05/2020," 9,732.00 "
25/05/2020,#N/A
26/05/2020," 9,766.00 "
27/05/2020," 9,710.00 "
28/05/2020," 9,988.00 "
29/05/2020," 9,870.00 "
01/06/2020," 9,832.00 "
02/06/2020," 9,784.00 "
03/06/2020," 9,954.00 "
04/06/2020," 10,025.00 "
05/06/2020," 10,120.00 "
08/06/2020," 10,050.00 "
09/06/2020," 9,922.00 "
10/06/2020," 9,970.00 "
11/06/2020," 9,672.00 "
12/06/2020," 9,570.00 "
15/06/2020," 9,696.00 "
16/06/2020," 9,798.00 "
17/06/2020," 10,010.00 "
18/06/2020," 9,994.00 "
19/06/2020," 9,950.00 "
22/06/2020," 9,974.00 "
23/06/2020," 9,974.00 "
24/06/2020," 9,730.00 "
25/06/2020," 9,772.00 "
26/06/2020," 10,020.00 "
29/06/2020," 10,070.00 "
30/06/2020," 9,976.00 "
01/07/2020," 9,860.00 "
02/07/2020," 9,920.00 "
03/07/2020," 9,834.00 "
06/07/2020," 10,080.00 "
07/07/2020," 10,025.00 "
08/07/2020," 10,030.00 "
09/07/2020," 9,904.00 "
10/07/2020," 10,040.00 "
13/07/2020," 10,085.00 "
14/07/2020," 10,050.00 "
15/07/2020," 10,320.00 "
16/07/2020," 10,375.00 "
17/07/2020," 10,475.00 "
20/07/2020," 10,645.00 "
21/07/2020," 10,610.00 "
22/07/2020," 10,680.00 "
23/07/2020," 10,745.00 "
24/07/2020," 10,505.00 "
27/07/2020," 10,695.00 "
28/07/2020," 10,500.00 "
29/07/2020," 10,550.00 "
30/07/2020," 10,345.00 "
31/07/2020," 10,310.00 "
03/08/2020," 10,455.00 "
04/08/2020," 10,300.00 "
05/08/2020," 10,440.00 "
06/08/2020," 10,445.00 "
07/08/2020," 10,590.00 "
10/08/2020," 10,450.00 "
11/08/2020," 10,660.00 "
12/08/2020," 10,760.00 "
13/08/2020," 10,950.00 "
14/08/2020," 10,665.00 "
17/08/2020," 10,690.00 "
18/08/2020," 10,675.00 "
19/08/2020," 10,665.00 "
20/08/2020," 10,505.00 "
21/08/2020," 10,445.00 "
24/08/2020," 10,580.00 "
25/08/2020," 10,515.00 "
26/08/2020," 10,600.00 "
27/08/2020," 10,405.00 "
28/08/2020," 10,245.00 "
31/08/2020,#N/A
01/09/2020," 10,200.00 "
02/09/2020," 10,495.00 "
03/09/2020," 10,175.00 "
04/09/2020," 10,175.00 "
07/09/2020," 10,310.00 "
08/09/2020," 10,370.00 "
09/09/2020," 10,435.00 "
10/09/2020," 10,380.00 "
11/09/2020," 10,530.00 "
14/09/2020," 10,655.00 "
15/09/2020," 10,715.00 "
16/09/2020," 10,670.00 "
17/09/2020," 10,585.00 "
18/09/2020," 10,685.00 "
21/09/2020," 10,630.00 "
22/09/2020," 10,785.00 "
23/09/2020," 10,940.00 "
24/09/2020," 10,895.00 "
25/09/2020," 10,930.00 "
28/09/2020," 11,095.00 "
29/09/2020," 11,145.00 "
30/09/2020," 11,065.00 "
01/10/2020," 11,045.00 "
02/10/2020," 11,050.00 "
05/10/2020," 11,105.00 "
06/10/2020," 11,030.00 "
07/10/2020," 11,120.00 "
08/10/2020," 11,075.00 "
09/10/2020," 11,220.00 "
12/10/2020," 11,345.00 "
13/10/2020," 11,410.00 "
14/10/2020," 11,415.00 "
15/10/2020," 11,260.00 "
16/10/2020," 11,550.00 "
19/10/2020," 11,425.00 "
20/10/2020," 11,505.00 "
21/10/2020," 11,340.00 "
22/10/2020," 11,305.00 "
23/10/2020," 11,465.00 "
26/10/2020," 11,340.00 "
27/10/2020," 11,495.00 "
28/10/2020," 11,290.00 "
29/10/2020," 11,225.00 "
30/10/2020," 11,280.00 "
02/11/2020," 11,320.00 "
03/11/2020," 11,520.00 "
04/11/2020," 11,830.00 "
05/11/2020," 11,905.00 "
06/11/2020," 11,815.00 "
09/11/2020," 11,630.00 "
10/11/2020," 11,405.00 "
11/11/2020," 11,680.00 "
12/11/2020," 11,685.00 "
13/11/2020," 11,550.00 "
16/11/2020," 11,900.00 "
17/11/2020," 11,915.00 "
18/11/2020," 11,465.00 "
19/11/2020," 11,500.00 "
20/11/2020," 11,755.00 "
23/11/2020," 11,515.00 "
24/11/2020," 10,965.00 "
25/11/2020," 10,765.00 "
26/11/2020," 10,810.00 "
27/11/2020," 10,850.00 "
30/11/2020," 11,135.00 "
01/12/2020," 10,915.00 "
02/12/2020," 10,970.00 "
03/12/2020," 10,895.00 "
04/12/2020," 10,905.00 "
07/12/2020," 10,970.00 "
08/12/2020," 11,160.00 "
09/12/2020," 11,170.00 "
10/12/2020," 11,245.00 "
11/12/2020," 11,485.00 "
14/12/2020," 11,500.00 "
15/12/2020," 11,375.00 "
16/12/2020," 11,525.00 "
17/12/2020," 11,395.00 "
18/12/2020," 11,290.00 "
21/12/2020," 11,360.00 "
22/12/2020," 11,440.00 "
23/12/2020," 11,330.00 "
24/12/2020," 11,155.00 "
28/12/2020,#N/A
29/12/2020," 11,595.00 "
30/12/2020," 11,460.00 "
31/12/2020," 11,295.00 "
04/01/2021," 11,685.00 "
05/01/2021," 11,485.00 "
06/01/2021," 11,640.00 "
07/01/2021," 11,700.00 "
08/01/2021," 11,720.00 "
11/01/2021," 11,640.00 "
12/01/2021," 11,295.00 "
13/01/2021," 11,410.00 "
14/01/2021," 11,530.00 "
15/01/2021," 11,435.00 "
18/01/2021," 11,450.00 "
19/01/2021," 11,390.00 "
20/01/2021," 11,570.00 "
21/01/2021," 11,685.00 "
22/01/2021," 11,665.00 "
25/01/2021," 11,675.00 "
26/01/2021," 11,595.00 "
27/01/2021," 11,390.00 "
28/01/2021," 11,380.00 "
29/01/2021," 11,080.00 "
01/02/2021," 11,305.00 "
02/02/2021," 11,365.00 "
03/02/2021," 11,355.00 "
04/02/2021," 11,385.00 "
05/02/2021," 11,260.00 "
08/02/2021," 11,570.00 "
09/02/2021," 11,495.00 "
10/02/2021," 11,425.00 "
11/02/2021," 11,550.00 "
12/02/2021," 11,765.00 "
15/02/2021," 11,880.00 "
16/02/2021," 11,920.00 "
17/02/2021," 11,670.00 "
18/02/2021," 11,405.00 "
19/02/2021," 11,330.00 "
22/02/2021," 10,955.00 "
23/02/2021," 10,785.00 "
24/02/2021," 10,925.00 "
25/02/2021," 10,915.00 "
26/02/2021," 10,710.00 "
01/03/2021," 10,940.00 "
02/03/2021," 11,135.00 "
03/03/2021," 11,035.00 "
04/03/2021," 10,880.00 "
05/03/2021," 10,780.00 "
08/03/2021," 10,780.00 "
09/03/2021," 11,020.00 "
10/03/2021," 11,400.00 "
11/03/2021," 11,605.00 "
12/03/2021," 11,620.00 "
15/03/2021," 11,435.00 "
16/03/2021," 11,575.00 "
17/03/2021," 11,520.00 "
18/03/2021," 11,245.00 "
19/03/2021," 11,080.00 "
22/03/2021," 11,295.00 "
23/03/2021," 11,340.00 "
24/03/2021," 11,430.00 "
25/03/2021," 11,400.00 "
26/03/2021," 11,500.00 "
29/03/2021," 11,410.00 "
30/03/2021," 11,495.00 "
31/03/2021," 11,400.00 "
01/04/2021," 11,590.00 "
06/04/2021," 11,740.00 "
07/04/2021," 11,665.00 "
08/04/2021," 11,950.00 "
09/04/2021," 12,240.00 "
12/04/2021," 12,020.00 "
13/04/2021," 12,065.00 "
14/04/2021," 11,965.00 "
15/04/2021," 12,005.00 "
16/04/2021," 12,130.00 "
19/04/2021," 12,185.00 "
20/04/2021," 12,155.00 "
21/04/2021," 12,195.00 "
22/04/2021," 12,285.00 "
23/04/2021," 12,265.00 "
26/04/2021," 12,280.00 "
27/04/2021," 12,200.00 "
28/04/2021," 12,065.00 "
29/04/2021," 11,915.00 "
30/04/2021," 11,815.00 "
03/05/2021,#N/A
04/05/2021," 11,770.00 "
05/05/2021," 12,030.00 "
06/05/2021," 11,990.00 "
07/05/2021," 12,055.00 "
10/05/2021," 11,800.00 "
11/05/2021," 11,555.00 "
12/05/2021," 11,780.00 "
13/05/2021," 11,855.00 "
14/05/2021," 12,180.00 "
17/05/2021," 12,120.00 "
18/05/2021," 12,055.00 "
19/05/2021," 11,940.00 "
20/05/2021," 12,265.00 "
21/05/2021," 12,250.00 "
24/05/2021," 12,425.00 "
25/05/2021," 12,435.00 "
26/05/2021," 12,575.00 "
27/05/2021," 12,770.00 "
28/05/2021," 12,700.00 "
31/05/2021,#N/A
01/06/2021," 12,725.00 "
02/06/2021," 12,785.00 "
03/06/2021," 12,830.00 "
04/06/2021," 12,945.00 "
07/06/2021," 12,865.00 "
08/06/2021," 13,030.00 "
09/06/2021," 13,025.00 "
10/06/2021," 13,030.00 "
11/06/2021," 13,200.00 "
14/06/2021," 13,195.00 "
15/06/2021," 13,470.00 "
16/06/2021," 13,595.00 "
17/06/2021," 13,275.00 "
18/06/2021," 13,260.00 "
21/06/2021," 13,390.00 "
22/06/2021," 13,405.00 "
23/06/2021," 13,500.00 "
24/06/2021," 13,540.00 "
25/06/2021," 13,605.00 "
28/06/2021," 13,670.00 "
29/06/2021," 13,745.00 "
30/06/2021," 13,615.00 "
01/07/2021," 13,635.00 "
02/07/2021," 13,715.00 "
05/07/2021," 13,725.00 "
06/07/2021," 13,805.00 "
07/07/2021," 14,075.00 "
08/07/2021," 13,910.00 "
09/07/2021," 14,010.00 "
12/07/2021," 14,110.00 "
13/07/2021," 14,280.00 "
14/07/2021," 14,255.00 "
15/07/2021," 14,440.00 "
16/07/2021," 14,170.00 "
19/07/2021," 14,130.00 "
20/07/2021," 14,215.00 "
21/07/2021," 14,285.00 "
22/07/2021," 14,535.00 "
23/07/2021," 14,650.00 "
26/07/2021," 14,620.00 "
27/07/2021," 14,710.00 "
28/07/2021," 15,020.00 "
29/07/2021," 14,960.00 "
30/07/2021," 15,010.00 "
02/08/2021," 15,195.00 "
03/08/2021," 15,235.00 "
04/08/2021," 15,330.00 "
05/08/2021," 15,410.00 "
06/08/2021," 15,115.00 "
09/08/2021," 15,075.00 "
10/08/2021," 15,125.00 "
11/08/2021," 15,765.00 "
12/08/2021," 15,670.00 "
13/08/2021," 15,780.00 "
16/08/2021," 15,665.00 "
17/08/2021," 15,720.00 "
18/08/2021," 15,740.00 "
19/08/2021," 15,665.00 "
20/08/2021," 15,960.00 "
23/08/2021," 16,045.00 "
24/08/2021," 16,060.00 "
25/08/2021," 15,970.00 "
26/08/2021," 16,060.00 "
27/08/2021," 16,100.00 "
30/08/2021,#N/A
31/08/2021," 16,110.00 "
01/09/2021," 16,295.00 "
02/09/2021," 16,595.00 "
03/09/2021," 16,465.00 "
06/09/2021," 16,600.00 "
07/09/2021," 16,485.00 "
08/09/2021," 16,355.00 "
09/09/2021," 16,385.00 "
10/09/2021," 16,480.00 "
13/09/2021," 16,300.00 "
14/09/2021," 16,405.00 "
15/09/2021," 16,230.00 "
16/09/2021," 16,340.00 "
17/09/2021," 16,195.00 "
20/09/2021," 15,930.00 "
21/09/2021," 16,160.00 "
22/09/2021," 16,270.00 "
23/09/2021," 16,275.00 "
24/09/2021," 16,000.00 "
27/09/2021," 15,365.00 "
28/09/2021," 15,115.00 "
29/09/2021," 15,045.00 "
30/09/2021," 14,970.00 "
01/10/2021," 14,765.00 "
04/10/2021," 14,575.00 "
05/10/2021," 14,790.00 "
06/10/2021," 14,625.00 "
07/10/2021," 14,735.00 "
08/10/2021," 14,500.00 "
11/10/2021," 14,445.00 "
12/10/2021," 14,525.00 "
13/10/2021," 14,800.00 "
14/10/2021," 14,935.00 "
15/10/2021," 14,910.00 "
18/10/2021," 15,015.00 "
19/10/2021," 15,145.00 "
20/10/2021," 15,190.00 "
21/10/2021," 15,285.00 "
22/10/2021," 15,445.00 "
25/10/2021," 15,465.00 "
26/10/2021," 15,475.00 "
27/10/2021," 15,490.00 "
28/10/2021," 15,580.00 "
29/10/2021," 15,605.00 "
01/11/2021," 15,715.00 "
02/11/2021," 15,935.00 "
03/11/2021," 16,050.00 "
04/11/2021," 16,485.00 "
05/11/2021," 16,275.00 "
08/11/2021," 16,430.00 "
09/11/2021," 16,350.00 "
10/11/2021," 16,275.00 "
11/11/2021," 16,995.00 "
12/11/2021," 17,045.00 "
15/11/2021," 17,135.00 "
16/11/2021," 17,005.00 "
17/11/2021," 16,165.00 "
18/11/2021," 16,310.00 "
19/11/2021," 16,565.00 "
22/11/2021," 16,445.00 "
23/11/2021," 15,845.00 "
24/11/2021," 15,730.00 "
25/11/2021," 15,790.00 "
26/11/2021," 15,710.00 "
29/11/2021," 15,840.00 "
30/11/2021," 15,630.00 "
01/12/2021," 15,860.00 "
02/12/2021," 15,680.00 "
03/12/2021," 15,685.00 "
06/12/2021," 15,655.00 "
07/12/2021," 16,090.00 "
08/12/2021," 16,015.00 "
09/12/2021," 16,090.00 "
10/12/2021," 16,070.00 "
13/12/2021," 16,050.00 "
14/12/2021," 15,445.00 "
15/12/2021," 15,675.00 "
16/12/2021," 15,700.00 "
17/12/2021," 15,380.00 "
20/12/2021," 15,485.00 "
21/12/2021," 15,480.00 "
22/12/2021," 15,700.00 "
23/12/2021," 15,775.00 "
24/12/2021," 15,705.00 "
27/12/2021,#N/A
28/12/2021,#N/A
29/12/2021," 16,255.00 "
30/12/2021," 16,165.00 "
31/12/2021," 16,050.00 "
03/01/2022,#N/A
04/01/2022," 15,995.00 "
05/01/2022," 16,095.00 "
06/01/2022," 15,535.00 "
07/01/2022," 15,210.00 "
10/01/2022," 14,215.00 "
11/01/2022," 14,320.00 "
12/01/2022," 14,495.00 "
13/01/2022," 13,900.00 "
14/01/2022," 13,430.00 "
17/01/2022," 13,510.00 "
18/01/2022," 13,185.00 "
19/01/2022," 13,230.00 "
20/01/2022," 13,325.00 "
21/01/2022," 13,040.00 "
24/01/2022," 12,690.00 "
25/01/2022," 12,700.00 "
26/01/2022," 12,895.00 "
27/01/2022," 12,785.00 "
28/01/2022," 12,790.00 "
31/01/2022," 13,255.00 "
01/02/2022," 13,290.00 "
02/02/2022," 13,550.00 "
03/02/2022," 13,235.00 "
04/02/2022," 13,045.00 "
07/02/2022," 12,755.00 "
08/02/2022," 12,615.00 "
09/02/2022," 12,810.00 "
10/02/2022," 12,675.00 "
11/02/2022," 12,195.00 "
14/02/2022," 11,980.00 "
15/02/2022," 12,185.00 "
16/02/2022," 12,010.00 "
17/02/2022," 11,880.00 "
18/02/2022," 11,690.00 "
21/02/2022," 11,445.00 "
22/02/2022," 11,555.00 "
23/02/2022," 11,400.00 "
24/02/2022," 11,380.00 "
25/02/2022," 11,730.00 "
28/02/2022," 11,945.00 "
01/03/2022," 11,685.00 "
02/03/2022," 12,015.00 "
03/03/2022," 11,635.00 "
04/03/2022," 11,125.00 "
07/03/2022," 11,360.00 "
08/03/2022," 10,985.00 "
09/03/2022," 11,325.00 "
10/03/2022," 11,825.00 "
11/03/2022," 11,995.00 "
14/03/2022," 12,355.00 "
15/03/2022," 12,145.00 "
16/03/2022," 12,525.00 "
17/03/2022," 12,870.00 "
18/03/2022," 13,070.00 "
21/03/2022," 12,695.00 "
22/03/2022," 12,650.00 "
23/03/2022," 12,515.00 "
24/03/2022," 12,325.00 "
25/03/2022," 12,260.00 "
28/03/2022," 12,205.00 "
29/03/2022," 12,630.00 "
30/03/2022," 12,475.00 "
31/03/2022," 12,535.00 "
01/04/2022," 12,700.00 "
04/04/2022," 12,720.00 "
05/04/2022," 12,830.00 "
06/04/2022," 12,855.00 "
07/04/2022," 12,995.00 "
08/04/2022," 12,710.00 "
11/04/2022," 12,415.00 "
12/04/2022," 12,410.00 "
13/04/2022," 12,490.00 "
14/04/2022," 12,610.00 "
19/04/2022," 12,465.00 "
20/04/2022," 12,615.00 "
21/04/2022," 12,720.00 "
22/04/2022," 12,385.00 "
25/04/2022," 12,265.00 "
26/04/2022," 11,935.00 "
27/04/2022," 11,820.00 "
28/04/2022," 12,160.00 "
29/04/2022," 12,150.00 "
02/05/2022,#N/A
03/05/2022," 11,720.00 "
04/05/2022," 11,560.00 "
05/05/2022," 11,550.00 "
06/05/2022," 11,325.00 "
09/05/2022," 10,855.00 "
10/05/2022," 10,845.00 "
11/05/2022," 10,930.00 "
12/05/2022," 10,830.00 "
13/05/2022," 11,185.00 "
16/05/2022," 10,915.00 "
17/05/2022," 10,955.00 "
18/05/2022," 10,470.00 "
19/05/2022," 10,230.00 "
20/05/2022," 10,395.00 "
23/05/2022," 10,465.00 "
24/05/2022," 10,320.00 "
25/05/2022," 10,320.00 "
26/05/2022," 10,340.00 "
27/05/2022," 10,565.00 "
30/05/2022," 10,770.00 "
31/05/2022," 10,565.00 "
01/06/2022," 10,480.00 "
02/06/2022,#N/A
03/06/2022,#N/A
06/06/2022," 10,695.00 "
07/06/2022," 10,600.00 "
08/06/2022," 10,420.00 "
09/06/2022," 10,200.00 "
10/06/2022," 9,840.00 "
13/06/2022," 9,552.00 "
14/06/2022," 9,284.00 "
15/06/2022," 9,496.00 "
16/06/2022," 9,168.00 "
17/06/2022," 9,130.00 "
20/06/2022," 9,280.00 "
21/06/2022," 9,200.00 "
22/06/2022," 9,346.00 "
23/06/2022," 9,186.00 "
24/06/2022," 9,700.00 "
27/06/2022," 9,772.00 "
28/06/2022," 9,700.00 "
29/06/2022," 9,718.00 "
30/06/2022," 9,878.00 "
01/07/2022," 10,055.00 "
04/07/2022," 10,130.00 "
05/07/2022," 10,320.00 "
06/07/2022," 10,615.00 "
07/07/2022," 10,710.00 "
08/07/2022," 10,725.00 "
11/07/2022," 10,695.00 "
12/07/2022," 10,695.00 "
13/07/2022," 10,580.00 "
14/07/2022," 10,515.00 "
15/07/2022," 10,775.00 "
18/07/2022," 10,785.00 "
19/07/2022," 10,815.00 "
20/07/2022," 10,895.00 "
21/07/2022," 11,330.00 "
22/07/2022," 11,335.00 "
25/07/2022," 11,330.00 "
26/07/2022," 11,125.00 "
27/07/2022," 11,165.00 "
28/07/2022," 11,600.00 "
29/07/2022," 11,935.00 "
01/08/2022," 11,975.00 "
02/08/2022," 11,725.00 "
03/08/2022," 11,695.00 "
04/08/2022," 11,930.00 "
05/08/2022," 11,430.00 "
08/08/2022," 11,645.00 "
09/08/2022," 11,485.00 "
10/08/2022," 12,000.00 "
11/08/2022," 11,655.00 "
12/08/2022," 11,470.00 "
15/08/2022," 11,505.00 "
16/08/2022," 11,270.00 "
17/08/2022," 11,140.00 "
18/08/2022," 11,345.00 "
19/08/2022," 11,185.00 "
22/08/2022," 10,785.00 "
23/08/2022," 10,590.00 "
24/08/2022," 10,790.00 "
25/08/2022," 10,860.00 "
26/08/2022," 10,620.00 "
29/08/2022,#N/A
30/08/2022," 10,650.00 "
31/08/2022," 10,535.00 "
01/09/2022," 10,140.00 "
02/09/2022," 10,545.00 "
05/09/2022," 10,275.00 "
06/09/2022," 10,420.00 "
07/09/2022," 10,440.00 "
08/09/2022," 10,635.00 "
09/09/2022," 10,865.00 "
12/09/2022," 11,060.00 "
13/09/2022," 10,810.00 "
14/09/2022," 10,600.00 "
15/09/2022," 10,380.00 "
16/09/2022," 10,070.00 "
19/09/2022,#N/A
20/09/2022," 10,065.00 "
21/09/2022," 10,360.00 "
22/09/2022," 9,872.00 "
23/09/2022," 9,806.00 "
26/09/2022," 10,105.00 "
27/09/2022," 10,130.00 "
28/09/2022," 10,385.00 "
29/09/2022," 10,260.00 "
30/09/2022," 10,400.00 "
03/10/2022," 10,420.00 "
04/10/2022," 10,830.00 "
05/10/2022," 10,735.00 "
06/10/2022," 10,860.00 "
07/10/2022," 10,565.00 "
10/10/2022," 10,615.00 "
11/10/2022," 10,455.00 "
12/10/2022," 10,410.00 "
13/10/2022," 10,280.00 "
14/10/2022," 10,390.00 "
17/10/2022," 10,565.00 "
18/10/2022," 10,835.00 "
19/10/2022," 10,600.00 "
20/10/2022," 10,555.00 "
21/10/2022," 10,300.00 "
24/10/2022," 10,595.00 "
25/10/2022," 10,945.00 "
26/10/2022," 11,155.00 "
27/10/2022," 11,055.00 "
28/10/2022," 10,900.00 "
31/10/2022," 10,750.00 "
01/11/2022," 10,885.00 "
02/11/2022," 10,815.00 "
03/11/2022," 10,545.00 "
04/11/2022," 10,805.00 "
07/11/2022," 10,930.00 "
08/11/2022," 11,255.00 "
09/11/2022," 11,280.00 "
10/11/2022," 11,880.00 "
11/11/2022," 11,865.00 "
14/11/2022," 11,885.00 "
15/11/2022," 11,760.00 "
16/11/2022," 11,600.00 "
17/11/2022," 11,250.00 "
18/11/2022," 11,400.00 "
21/11/2022," 11,375.00 "
22/11/2022," 11,345.00 "
23/11/2022," 11,480.00 "
24/11/2022," 11,360.00 "
25/11/2022," 11,405.00 "
28/11/2022," 11,325.00 "
29/11/2022," 11,210.00 "
30/11/2022," 11,205.00 "
01/12/2022," 11,380.00 "
02/12/2022," 11,480.00 "
05/12/2022," 11,340.00 "
06/12/2022," 11,105.00 "
07/12/2022," 10,930.00 "
08/12/2022," 10,830.00 "
09/12/2022," 10,995.00 "
12/12/2022," 11,045.00 "
13/12/2022," 11,370.00 "
14/12/2022," 11,395.00 "
15/12/2022," 11,170.00 "
16/12/2022," 10,855.00 "
19/12/2022," 10,735.00 "
20/12/2022," 10,685.00 "
21/12/2022," 10,750.00 "
22/12/2022," 10,545.00 "
23/12/2022," 10,680.00 "
27/12/2022,#N/A
28/12/2022," 10,760.00 "
29/12/2022," 10,760.00 "
30/12/2022," 10,615.00 "
02/01/2023,#N/A
03/01/2023," 10,715.00 "
04/01/2023," 10,825.00 "
05/01/2023," 10,710.00 "
06/01/2023," 10,835.00 "
09/01/2023," 11,040.00 "
10/01/2023," 11,075.00 "
11/01/2023," 11,360.00 "
12/01/2023," 11,410.00 "
13/01/2023," 11,450.00 "
16/01/2023," 11,760.00 "
17/01/2023," 11,720.00 "
18/01/2023," 11,735.00 "
19/01/2023," 11,415.00 "
20/01/2023," 11,430.00 "
23/01/2023," 11,595.00 "
24/01/2023," 11,570.00 "
25/01/2023," 11,310.00 "
26/01/2023," 11,510.00 "
27/01/2023," 11,525.00 "
30/01/2023," 11,555.00 "
31/01/2023," 11,530.00 "
01/02/2023," 11,565.00 "
02/02/2023," 12,215.00 "
03/02/2023," 12,350.00 "
06/02/2023," 12,055.00 "
07/02/2023," 11,990.00 "
08/02/2023," 11,875.00 "
09/02/2023," 11,880.00 "
10/02/2023," 11,620.00 "
13/02/2023," 11,995.00 "
14/02/2023," 11,910.00 "
15/02/2023," 12,115.00 "
16/02/2023," 12,115.00 "
17/02/2023," 12,045.00 "
